model,task,correct,examples,accuracy,checkpoint_phase
Dense12,ARC-Easy,863,2376,0.3632154882154882,sft
Dense12,ARC-Challenge,368,1172,0.31399317406143346,sft
Dense12,MMLU,4428,14042,0.31533969520011396,sft
Dense12,GSM8K,7,1319,0.00530705079605762,sft
Dense12,HumanEval,15,164,0.09146341463414634,sft
MoE12,ARC-Easy,896,2376,0.3771043771043771,sft
MoE12,ARC-Challenge,374,1172,0.3191126279863481,sft
MoE12,MMLU,4450,14042,0.3169064235863837,sft
MoE12,GSM8K,8,1319,0.006065200909780136,sft
MoE12,HumanEval,13,164,0.07926829268292683,sft
MoE20-R5,ARC-Easy,1291,2376,0.5433501683501684,sft
MoE20-R5,ARC-Challenge,517,1172,0.44112627986348124,sft
MoE20-R5,MMLU,4844,14042,0.34496510468594216,sft
MoE20-R5,GSM8K,56,1319,0.04245640636846096,sft
MoE20-R5,HumanEval,22,164,0.13414634146341464,sft
