model,metric,value,unit,direction,phase
Dense12,CORE,0.127070915673951,unweighted_centered_task_mean,higher_is_better,base
Dense12,BPB_train,0.86978,bits_per_byte,lower_is_better,base
Dense12,BPB_val,0.869251,bits_per_byte,lower_is_better,base
Dense12,ARC-Easy,0.3632154882154882,fraction_correct,higher_is_better,sft
Dense12,ARC-Challenge,0.31399317406143346,fraction_correct,higher_is_better,sft
Dense12,MMLU,0.31533969520011396,fraction_correct,higher_is_better,sft
Dense12,GSM8K,0.00530705079605762,fraction_correct,higher_is_better,sft
Dense12,HumanEval,0.09146341463414634,fraction_correct,higher_is_better,sft
MoE12,CORE,0.12828829262373873,unweighted_centered_task_mean,higher_is_better,base
MoE12,BPB_train,0.854935,bits_per_byte,lower_is_better,base
MoE12,BPB_val,0.85367,bits_per_byte,lower_is_better,base
MoE12,ARC-Easy,0.3771043771043771,fraction_correct,higher_is_better,sft
MoE12,ARC-Challenge,0.3191126279863481,fraction_correct,higher_is_better,sft
MoE12,MMLU,0.3169064235863837,fraction_correct,higher_is_better,sft
MoE12,GSM8K,0.006065200909780136,fraction_correct,higher_is_better,sft
MoE12,HumanEval,0.07926829268292683,fraction_correct,higher_is_better,sft
MoE20-R5,CORE,0.2242742636653445,unweighted_centered_task_mean,higher_is_better,base
MoE20-R5,BPB_train,0.748115,bits_per_byte,lower_is_better,base
MoE20-R5,BPB_val,0.74636,bits_per_byte,lower_is_better,base
MoE20-R5,ARC-Easy,0.5433501683501684,fraction_correct,higher_is_better,sft
MoE20-R5,ARC-Challenge,0.44112627986348124,fraction_correct,higher_is_better,sft
MoE20-R5,MMLU,0.34496510468594216,fraction_correct,higher_is_better,sft
MoE20-R5,GSM8K,0.04245640636846096,fraction_correct,higher_is_better,sft
MoE20-R5,HumanEval,0.13414634146341464,fraction_correct,higher_is_better,sft
